ResponseId,Duration (in seconds),Q_prog_rate,Q_prog_exp,hint_type,stimulus_presentation,part_lbl,task,prog_num,desc_time,algo_time,hint_time,quantques1_time,quant2_time,quant3_time,quant4_time,quant_ques_af_exp_time,quant_ques_af_exp_time_avg,score_quant1,score_quant2,score_quant3,score_quant4,quant234_avg_score
R_12Den55NdXM2lqi,343.0,2.0,1.58,Conceptual,Python,Clear,['Fibonacci'],4,0.13166668,0.20608333,0.21513334,1.0508,0.115499996,0.0748,0.12711667,0.31741667,0.10580555,1.0,1.0,1.0,1.0,1.0
R_12JRXRBsOdGU9J6,1343.0,1.0,1.3,No Hint,Text,Clear,['Fibonacci'],2,1.1813333,3.0023334,0.0,0.76005,0.8089834,0.9622833,0.9447,2.7159665,0.9053222,1.0,1.0,1.0,1.0,1.0
R_15t68r2mRFrJCnc,424.0,2.0,0.0,Test Cases,Text,Clear,['Average Rainfall'],4,0.62338334,0.70353335,0.13246666,0.56831664,0.15841667,0.07541667,0.13669999,0.37053335,0.123511106,1.0,1.0,1.0,1.0,1.0
R_16AvimaNVaTocSd,423.0,1.0,0.02,Test Cases,Python,Confused,['Fibonacci'],2,0.5581167,1.0364833,0.36175,0.2649,0.21440001,0.2561,0.118983336,0.5894833,0.19649445,0.0,1.0,1.0,1.0,1.0
R_19J0QFQI08YM5pv,673.0,1.0,0.0,No Hint,Text,Clear,['Fibonacci'],2,0.19413333,0.36361665,0.0,0.88961667,2.1341002,1.0797333,0.1108,3.3246334,1.1082112,1.0,1.0,1.0,1.0,1.0
R_1AYhdKz5snNbKF4,664.0,2.0,5.0,Test Cases,Text,Confused,['Average Rainfall'],4,1.1378,2.0002,1.0001333,1.2208833,0.31031665,0.67735,0.39491665,1.3825834,0.46086112,0.0,1.0,1.0,1.0,1.0
R_1Bxx1djuf7uLGmZ,1165.0,1.0,5.0,No Hint,Python,Clear,['Palindrome'],5,0.87325,1.5449666,0.0,0.25473335,0.22328334,1.4416667,0.4525,2.11745,0.7058166,1.0,1.0,1.0,1.0,1.0
R_1BznOxFOxX3PMoY,973.0,1.0,0.49,Test Cases,Python,Clear,['Palindrome'],3,1.3142834,2.0001833,0.8631333,0.27031666,0.13341667,0.19105001,0.20286666,0.5273333,0.17577778,1.0,1.0,1.0,1.0,1.0
R_1D02YkKYNZIjyhj,4101.0,1.0,0.0,No Hint,Text,Clear,['Fibonacci'],5,1.3514333,0.77975,0.0,0.21583334,1.7002666,0.26846665,0.26216665,2.2309,0.74363333,1.0,1.0,1.0,1.0,1.0
R_1EFo4WB2Pthf0jz,1117.0,1.0,0.0,Conceptual,Text,Confused,['Average Rainfall'],1,0.7275167,2.0002666,1.0018667,0.77216667,0.24273333,0.7553333,0.7837166,1.7817833,0.59392774,0.0,1.0,1.0,1.0,1.0
R_1EosKWxYFIIf2mt,424.0,9.0,5.0,Conceptual,Python,Clear,['Sum Positives'],5,0.08501666,0.83466667,0.216,0.082783334,0.45548335,0.06643333,0.08146667,0.6033833,0.20112778,1.0,1.0,1.0,1.0,1.0
R_1F4pVniXCoGq4vY,959.0,5.0,4.01,Conceptual,Python,Clear,['Average Rainfall'],4,1.7365,2.0002832,1.0002333,0.76563334,0.235,0.24624999,0.20408334,0.6853333,0.22844444,1.0,1.0,1.0,1.0,1.0
R_1Gs2xPTgwBYegug,487.0,1.0,0.0,Conceptual,Python,Clear,['Palindrome'],1,0.26905,0.5646833,0.41228333,0.45895,0.15221667,0.1791,0.31395,0.64526665,0.21508889,1.0,1.0,1.0,1.0,1.0
R_1KrSKE7ASPeWWKV,1323.0,1.0,0.0,Conceptual,Python,Clear,['Palindrome'],1,1.3562,2.0022333,1.0007,0.7898333,0.36714998,1.1138834,0.44151667,1.92255,0.64085,1.0,1.0,1.0,1.0,1.0
R_1M0t0Eze2pypH9S,1655.0,1.0,0.05,Detailed Fix,Text,Confused,['Sum Positives'],2,2.6457167,2.0008168,1.0005167,0.43903333,0.97515,1.0644333,2.5841668,4.6237497,1.54125,0.0,1.0,1.0,1.0,1.0
R_1QG0sHLqjBCcLPC,794.0,2.0,0.0,Detailed Fix,Text,Clear,['Count Pos Neg'],4,0.46858332,2.0004168,0.69278336,0.26264998,0.21393333,0.6088,0.5589834,1.3817166,0.4605722,1.0,1.0,1.0,1.0,1.0
R_1V4Q5aWzmSitrR6,716.0,1.0,1.0,Test Cases,Python,Clear,['Count Pos Neg'],3,0.123783335,2.0002666,1.0001667,1.8290833,0.0809,0.10361667,0.09318333,0.2777,0.09256666,1.0,1.0,1.0,1.0,1.0
R_1fE7VEr2IIMlXpM,867.0,4.0,5.0,Test Cases,Python,Clear,['Sum Positives'],3,0.72816664,1.1483333,0.77833337,0.19385,0.25303334,0.6643167,0.40293333,1.3202834,0.44009444,1.0,1.0,1.0,1.0,1.0
R_1fpBsDu9iVPPvEI,1171.0,1.0,0.0,No Hint,Python,Clear,['Fibonacci'],3,1.36805,3.0004334,0.0,1.8362166,0.2351,0.5882667,0.5818333,1.4051999,0.4684,1.0,1.0,1.0,1.0,1.0
R_1go7wtsZcvbJggY,976.0,1.0,0.0,Conceptual,Text,Confused,['Average Rainfall'],4,0.6286,0.89343333,0.117183335,1.0343167,0.32000002,0.41036665,1.0463834,1.7767501,0.59225,0.0,1.0,1.0,1.0,1.0
R_1h7Eofjjyp4dL4l,292.0,1.0,1.0,Conceptual,Python,Clear,['Palindrome'],5,0.24876666,0.24518333,0.10493334,0.111549996,0.15475,0.10051667,0.191,0.44626665,0.14875555,1.0,1.0,1.0,1.0,1.0
R_1iqiwX6uZNE5U0B,955.0,1.0,0.0,Conceptual,Text,Confused,['Fibonacci'],2,0.7766834,2.0002167,0.38911667,1.20315,0.20283334,0.43121666,0.27523333,0.90928334,0.30309445,0.0,1.0,1.0,1.0,1.0
R_1jTmhD6kmriQ8RG,1117.0,1.0,0.0,Conceptual,Text,Clear,['Sum Positives'],2,0.2702833,2.0021167,0.3567,0.33351666,0.5477667,0.28803334,0.82199997,1.6578001,0.55259997,1.0,1.0,1.0,1.0,1.0
R_1nRR8MkvPDmEivT,823.0,1.0,0.0,No Hint,Text,Clear,['Sum Positives'],3,0.225,0.5462,0.0,0.29103333,0.18666667,0.78785,0.3949333,1.36945,0.45648333,1.0,1.0,1.0,1.0,1.0
R_1pDuyhOjRsvMCf7,316.0,1.0,0.89,No Hint,Python,Clear,Fibonacci,3,0.69956666,0.46668333,0.0,0.5873,0.15823334,0.24006668,0.14936666,0.54766667,0.18255554,1.0,1.0,1.0,1.0,1.0
R_1pJZC9jF6KnhhJr,1072.0,1.0,0.0,Test Cases,Text,Confused,['Average Rainfall'],2,1.0202,1.0174166,1.0022333,0.63005,0.5242,0.9333833,1.26775,2.7253335,0.90844446,0.0,1.0,1.0,1.0,1.0
R_1pJrrqLcTwTsO6Y,621.0,5.0,5.0,Conceptual,Python,Clear,Count Pos Neg,5,0.3602,2.00055,0.8239667,0.38801667,0.5438667,0.4390833,0.26275,1.2457,0.4152333,1.0,1.0,1.0,1.0,1.0
R_1q5rXReuYxvw1YB,2124.0,1.0,0.46,Conceptual,Text,Clear,['Sum Positives'],3,1.4463166,2.0018666,1.00205,0.15283333,0.24893333,0.63213336,0.54995,1.4310167,0.47700554,1.0,1.0,1.0,1.0,1.0
R_1sobAlGKVZK7MUM,843.0,1.0,0.0,Conceptual,Python,Clear,['Count Pos Neg'],3,1.6295667,2.0006833,0.53943336,0.15638334,0.25303334,0.37003332,0.7246167,1.3476833,0.44922778,1.0,1.0,1.0,1.0,1.0
R_1uWL4ukZRjaqE5R,639.0,5.0,2.63,Test Cases,Text,Clear,['Sum Positives'],1,0.17498332,0.47258332,0.0512,0.05313333,0.09495,0.084300004,0.7827167,0.96196663,0.32065555,1.0,1.0,1.0,1.0,1.0
R_1wiPPPWUGRWFl0i,940.0,1.0,0.35,Detailed Fix,Text,Clear,['Count Pos Neg'],4,0.8897167,2.0017333,1.0019166,0.21773334,0.19678333,1.2447666,0.55051666,1.9920667,0.6640222,1.0,1.0,1.0,1.0,1.0
R_20pNdfDYULJyk4j,566.0,2.0,5.0,Test Cases,Text,Clear,"['Count Pos Neg', 'Average Rainfall']",5,0.63266665,1.073374975,0.4017250049999999,0.27148333,0.55469165,0.24784166,0.309608325,1.11214165,0.370713885,1.0,1.0,1.0,1.0,1.0
R_20vi38PLJsi4Jnx,905.0,1.0,0.01,Conceptual,Python,Clear,['Palindrome'],3,0.56318337,2.00195,1.0002,0.42078334,0.36056668,0.55065,0.19431667,1.1055334,0.3685111,1.0,1.0,1.0,1.0,1.0
R_21kCTmLCEzr98hX,855.0,1.0,0.01,Test Cases,Python,Confused,['Average Rainfall'],2,0.5358833,2.0005667,1.0002667,0.7927333,0.21155,1.3772666,0.18575001,1.7745667,0.5915222,0.0,1.0,1.0,1.0,1.0
R_22cohETifhSPUEH,1097.0,3.0,3.0,No Hint,Text,Clear,['Count Pos Neg'],1,1.04145,3.0020332,0.0,0.7989333,0.1526,0.11905,2.2004,2.47205,0.8240167,1.0,1.0,1.0,1.0,1.0
R_23aapj2WwSqd5RY,1430.0,2.0,0.0,Conceptual,Python,Clear,['Count Pos Neg'],1,2.7489831,2.00025,1.00045,0.25828332,2.95945,0.43275002,1.3812667,4.7734666,1.5911555,1.0,1.0,1.0,1.0,1.0
R_24iqN47sEBns76D,479.0,1.0,5.0,Test Cases,Text,Clear,['Sum Positives'],2,0.2182,0.293,0.21633333,0.27001667,0.1137,0.34456667,0.36446667,0.8227333,0.27424443,1.0,1.0,1.0,1.0,1.0
R_25GBd2ZDXVeaXsp,269.0,1.0,0.0,Test Cases,Text,Clear,['Palindrome'],3,0.14993334,0.52285,0.30483335,0.109850004,0.3601,0.29188335,0.26061666,0.9126,0.30420002,1.0,1.0,1.0,1.0,1.0
R_25NKPwhm152Vl28,867.0,1.0,0.5,Conceptual,Python,Clear,['Fibonacci'],2,0.72326666,2.0003,1.0002333,0.9747167,1.5928999,0.33451664,0.23651667,2.1639333,0.72131115,1.0,1.0,1.0,1.0,1.0
R_26a6IvgFa1MLns2,876.0,1.0,0.44,Conceptual,Text,Clear,['Palindrome'],1,0.56238335,1.2148334,0.214,0.4323,0.26213333,0.91443336,0.43559998,1.6121668,0.53738886,1.0,1.0,1.0,1.0,1.0
R_27PKrsIJ4YF93BT,548.0,10.0,5.0,Test Cases,Text,Clear,['Palindrome'],3,0.20366667,0.9853667,0.84001666,0.19303332,0.15681668,0.4814,0.101833336,0.74005,0.24668333,1.0,1.0,1.0,1.0,1.0
R_2Bafd6C66eg3KRC,783.0,1.0,0.2,Detailed Fix,Text,Clear,"['Fibonacci', 'Count Pos Neg']",5,0.756275035,2.00024995,0.61319167,0.365741675,0.70133333,0.338475005,0.30338334,1.34319175,0.44773054,1.0,1.0,1.0,1.0,1.0
R_2BmJJdJLwbZz7lg,424.0,3.0,1.46,Detailed Fix,Python,Clear,"['Sum Positives', 'Average Rainfall']",3,0.44467502,1.09479165,0.20291667,0.210525,0.261766665,0.1227666675,0.20955834,0.594091665,0.19803056,1.0,1.0,1.0,1.0,1.0
R_2FXyB4aSimXbatX,843.0,1.0,0.0,Conceptual,Text,Clear,Fibonacci,1,0.70093334,2.0020335,0.44476667,0.25776666,0.7528667,1.5524833,0.6497833,2.9551332,0.9850444,1.0,1.0,1.0,1.0,1.0
R_2GWOqOEgkqyprZT,767.0,1.0,0.0,Detailed Fix,Text,Clear,['Palindrome'],5,0.30403334,0.67434996,0.1969,0.36905,0.9131,0.65575004,0.99666667,2.5655167,0.8551722,1.0,1.0,1.0,1.0,1.0
R_2GxenJnxBLawhHm,1122.0,1.0,0.0,Detailed Fix,Python,Clear,['Fibonacci'],2,0.71650004,2.0004334,1.0003667,1.1315666,0.40838334,0.21959999,0.2044,0.83238333,0.2774611,1.0,1.0,1.0,1.0,1.0
R_2HZiSMlzGXdUUNj,909.0,3.0,5.0,Test Cases,Python,Clear,"['Sum Positives', 'Fibonacci']",3,0.8935583,1.91013335,0.675808325,1.3060000349999998,0.33635834,0.260733345,0.18750833,0.78460003,0.26153333,1.0,1.0,1.0,1.0,1.0
R_2KPYcvpjfRXcglL,866.0,1.0,0.0,Detailed Fix,Python,Clear,"['Average Rainfall', 'Count Pos Neg']",4,0.87858335,2.00059175,1.0005417,0.365625005,0.52041665,0.184549995,0.1973333325,0.90230002,0.30076667,1.0,1.0,1.0,1.0,1.0
R_2MlgFynbTn9dl7g,2144.0,1.0,0.0,No Hint,Text,Clear,['Average Rainfall'],4,2.13925,2.2050333,0.0,1.3311,0.44588333,4.1381664,0.72298336,5.307033,1.769011,1.0,1.0,1.0,1.0,1.0
R_2NL7hh1iTWtrJ1n,1015.0,1.0,0.0,Test Cases,Python,Clear,['Fibonacci'],5,0.73288333,1.61965,1.0003,0.9590833,0.33738333,0.4515,0.9630667,1.7519499,0.58398336,1.0,1.0,1.0,1.0,1.0
R_2OYDf3B7z3L5iaB,2629.0,1.0,0.0,Detailed Fix,Python,Clear,['Sum Positives'],1,0.16213332,2.0021167,1.0005833,0.20265001,0.18081667,0.3578,0.61548334,1.1541001,0.3847,1.0,1.0,1.0,1.0,1.0
R_2P6hKLuTA9CpGtG,502.0,2.0,5.0,Conceptual,Text,Clear,"['Palindrome', 'Sum Positives']",3,0.24046667,0.9887833,0.213408345,0.105866667,1.04179165,0.198,0.2877,1.527491675,0.50916389,1.0,1.0,1.0,1.0,1.0
R_2PGEhGBUn3TT4CB,827.0,2.0,0.2,Test Cases,Text,Clear,['Sum Positives'],3,0.6346333,1.7923833,0.458,0.19811668,0.23948334,0.27976665,0.31613335,0.83538336,0.2784611,1.0,1.0,1.0,1.0,1.0
R_2QYUqftJ9tGI10h,396.0,1.0,0.0,Conceptual,Text,Clear,['Count Pos Neg'],4,0.30641666,1.7451,0.20395,0.19933334,0.09855,0.14646667,0.29396668,0.53898335,0.17966111,1.0,1.0,1.0,1.0,1.0
R_2Qz9TCfUb07zGZg,582.0,2.0,1.0,Conceptual,Text,Clear,"['Count Pos Neg', 'Palindrome']",5,0.51235834,2.000225,0.574675,0.17518333,0.225066665,0.206008335,0.417383335,0.848458315,0.28281945,1.0,1.0,1.0,1.0,1.0
R_2Ubfm0EqlAoLZvu,349.0,8.0,3.08,Test Cases,Text,Clear,['Count Pos Neg'],4,0.035916667,0.028533334,0.06126667,0.0854,0.20476668,0.047366668,0.051850002,0.30398333,0.10132778,1.0,1.0,1.0,1.0,1.0
R_2VRzdlLSFQNCreh,551.0,1.0,5.0,Conceptual,Text,Clear,['Palindrome'],1,0.4903,1.0238,0.23335001,0.27531666,0.16613334,0.5107667,0.7408,1.4176999,0.47256666,1.0,1.0,1.0,1.0,1.0
R_2Vl0gzGf4XvoGiJ,1745.0,1.0,0.0,Conceptual,Text,Clear,['Palindrome'],1,0.67723334,2.00085,1.0022,0.44745,0.5662667,0.81436664,3.5718167,4.9524503,1.6508167,1.0,1.0,1.0,1.0,1.0
R_2VliKAWeN1OzsKJ,366.0,2.0,0.8,Conceptual,Text,Confused,Average Rainfall,1,0.38881668,0.26806667,0.31356665,0.48218334,0.117,0.5416,0.35383332,1.0124333,0.33747777,0.0,1.0,1.0,1.0,1.0
R_2Y4X4fOEhhqx7Ci,471.0,1.0,0.0,No Hint,Python,Clear,['Count Pos Neg'],3,0.09218334,0.12571667,0.0,0.7449667,0.98391664,0.46523333,0.39815,1.8472999,0.61576664,1.0,1.0,1.0,1.0,1.0
R_2cSuwTCLS3EjIjn,888.0,1.0,0.0,Detailed Fix,Text,Clear,['Sum Positives'],5,0.27056664,0.36450002,0.14338332,0.7008333,2.2209167,0.50025,0.6644833,3.3856502,1.1285499,1.0,1.0,1.0,1.0,1.0
R_2cdT3VM0b4gWm4x,984.0,4.0,5.0,Test Cases,Text,Clear,['Average Rainfall'],1,0.49233335,2.0002334,0.6645334,0.6368333,0.1555,0.23993333,1.2751501,1.6705834,0.5568611,1.0,1.0,1.0,1.0,1.0
R_2foMC5BBnP2RFDw,668.0,1.0,0.0,Test Cases,Text,Clear,['Palindrome'],4,0.2691833,2.00185,0.46725,0.21893333,0.27435002,0.5115667,0.33018336,1.1161001,0.37203333,1.0,1.0,1.0,1.0,1.0
R_2jWPsMvhqVoUWVH,871.0,1.0,0.0,Test Cases,Text,Clear,['Palindrome'],1,0.7373,2.0003333,1.0018667,0.82345,0.21618333,0.41506666,0.47498333,1.1062334,0.36874443,1.0,1.0,1.0,1.0,1.0
R_2kW5JIjasvm50Sl,292.0,1.0,0.44,Detailed Fix,Python,Confused,['Fibonacci'],1,0.3327833,0.3171,0.2679,0.13086668,0.12201667,0.19626667,0.16393334,0.4822167,0.16073889,0.0,1.0,1.0,1.0,1.0
R_2lAhkZpUx3Nk2XC,1137.0,1.0,0.0,Detailed Fix,Text,Confused,['Sum Positives'],2,0.33508334,2.0202334,0.1954,0.3051,0.62558335,1.4221333,0.51406664,2.5617833,0.8539278,0.0,1.0,1.0,1.0,1.0
R_2lFa7XIDHrlXRWA,827.0,1.0,0.0,Detailed Fix,Python,Clear,['Count Pos Neg'],4,0.7745,2.0019166,1.0018833,0.26973334,0.27221668,0.20025,0.41283333,0.8853,0.2951,1.0,1.0,1.0,1.0,1.0
R_2mz5SI9kLeJlM0G,991.0,1.0,0.0,Detailed Fix,Python,Confused,['Average Rainfall'],3,0.77596664,2.0024,1.0024832,0.43870002,0.79576665,0.83915,0.59178334,2.2267,0.74223334,0.0,1.0,1.0,1.0,1.0
R_2rMMS5wdVaVOixa,505.0,3.0,5.0,Detailed Fix,Text,Clear,"['Palindrome', 'Average Rainfall']",2,0.21019167,1.04875,0.219924995,0.418516655,0.340149985,0.64128335,0.454266665,1.43570005,0.47856668,1.0,1.0,1.0,1.0,1.0
R_2ri5ICwwsEH9FSr,824.0,1.0,0.7,No Hint,Text,Clear,['Average Rainfall'],3,1.0725167,1.8788166,0.0,1.2907001,0.47106665,0.88799995,0.9190333,2.2781,0.7593667,1.0,1.0,1.0,1.0,1.0
R_2t7N1tnvaEXO1yx,405.0,2.0,0.05,Detailed Fix,Text,Clear,['Palindrome'],1,0.14825001,0.47883332,0.1821,0.28003332,0.23181668,0.2454,0.40065,0.8778667,0.2926222,1.0,1.0,1.0,1.0,1.0
R_2uICj7d9CBXhoEv,426.0,2.0,5.0,No Hint,Text,Clear,['Palindrome'],1,0.27701667,1.0210834,0.0,0.13698334,0.19988333,0.10998333,0.44566667,0.75553334,0.25184444,1.0,1.0,1.0,1.0,1.0
R_2uIkU8ccwWy5I59,597.0,1.0,0.0,No Hint,Text,Clear,['Sum Positives'],3,0.41998333,1.1284833,0.0,0.31425,0.35596666,0.40485,0.58951664,1.3503333,0.4501111,1.0,1.0,1.0,1.0,1.0
R_2vXijUOKy010dfr,1132.0,1.0,0.0,No Hint,Text,Clear,['Palindrome'],2,0.43823335,0.95778334,0.0,0.42048332,3.0283332,1.03205,1.7898833,5.8502665,1.9500889,1.0,1.0,1.0,1.0,1.0
R_2w0HTNaH2VSW0JH,1258.0,1.0,0.0,Conceptual,Python,Confused,['Average Rainfall'],2,1.45505,2.00045,1.0020334,0.36735,0.68001664,0.5797167,0.65008336,1.9098166,0.63660556,0.0,1.0,1.0,1.0,1.0
R_2w5Gv9PavDz2RcJ,1208.0,2.0,0.46,No Hint,Python,Clear,['Palindrome'],4,0.71361667,3.0020833,0.0,0.28616667,0.7187167,0.85805005,0.15553333,1.7323,0.57743335,1.0,1.0,1.0,1.0,1.0
R_2wELd1KjD0ax164,809.0,2.0,1.0,Test Cases,Text,Clear,"['Palindrome', 'Sum Positives']",1,0.40880003,2.0017333500000003,1.00110835,0.237366665,0.33811665,1.16675835,0.44670835,1.9515833,0.65052775,1.0,1.0,1.0,1.0,1.0
R_2x3NXi8xzeYkZkl,421.0,3.0,2.03,Detailed Fix,Text,Clear,"['Palindrome', 'Fibonacci']",2,0.28867498,0.90825,0.3135000049999999,0.375900015,0.161183325,0.207733325,0.407533315,0.77645,0.25881666,1.0,1.0,1.0,1.0,1.0
R_31Y4lU3gnqX0js0,699.0,1.0,0.0,No Hint,Python,Clear,['Fibonacci'],2,0.5664167,2.1873667,0.0,0.48181668,0.28653333,0.10526667,0.09675,0.48855,0.16284999,1.0,1.0,1.0,1.0,1.0
R_32t6PAucnwSjjNu,3222.0,1.0,0.02,No Hint,Text,Clear,['Palindrome'],5,0.67785,3.0002167,0.0,0.24721667,0.7604834,2.4191167,0.7468334,3.9264333,1.3088111,1.0,1.0,1.0,1.0,1.0
R_32z4OSYk1Axudrh,1281.0,1.0,0.0,Conceptual,Text,Clear,['Sum Positives'],3,9.61415,2.1496665,1.0302666,0.20701666,0.31113333,0.31775,0.31811666,0.94699997,0.31566668,1.0,1.0,1.0,1.0,1.0
R_35yFMKq4bxlkemS,722.0,2.0,0.75,No Hint,Text,Clear,"['Fibonacci', 'Sum Positives']",1,0.73985835,2.0687417,0.0,0.4760666799999999,0.207916665,0.50113334,0.83247495,1.541525,0.51384165,1.0,1.0,1.0,1.0,1.0
R_389T2x8NmSBujDz,531.0,3.0,5.0,No Hint,Python,Clear,['Palindrome'],1,0.38536665,1.36635,0.0,0.303,0.23396666,0.108500004,0.23875,0.5812167,0.1937389,1.0,1.0,1.0,1.0,1.0
R_3AQ5I1xgHcHrvEZ,854.0,1.0,0.5,Conceptual,Python,Confused,['Fibonacci'],4,0.54833335,2.0028334,0.46778333,0.48836666,0.7816833,0.22783333,0.56149995,1.5710167,0.5236722,0.0,1.0,1.0,1.0,1.0
R_3CEu18cA9lHIdjP,585.0,1.0,0.0,Detailed Fix,Python,Clear,"['Count Pos Neg', 'Palindrome']",3,0.48490834,1.00061665,0.382166675,0.434733315,0.423358345,0.20914167,0.699391701,1.331891625,0.4439639,1.0,1.0,1.0,1.0,1.0
R_3CN9pIOQJ4rvsgp,896.0,1.0,0.0,Conceptual,Python,Clear,['Palindrome'],5,0.7284,2.0019166,1.00025,0.2242,0.53741664,0.17388333,0.31143335,1.0227333,0.3409111,1.0,1.0,1.0,1.0,1.0
R_3CqJvWO1ukw1Iiq,1518.0,1.0,0.0,Conceptual,Python,Clear,Count Pos Neg,2,0.2361,3.7213168,1.0237666,0.8672167,1.2953666,0.2047,0.73565,2.2357168,0.7452389,1.0,1.0,1.0,1.0,1.0
R_3Db6GmdH00FCJKN,388.0,4.0,3.05,Conceptual,Text,Clear,['Palindrome'],5,0.27199998,0.5172,0.44773334,0.12601666,0.14906667,0.1472,0.17426667,0.47053334,0.15684444,1.0,1.0,1.0,1.0,1.0
R_3EX1mQXT7grj1p3,1548.0,5.0,5.0,Detailed Fix,Text,Clear,"['Average Rainfall', 'Palindrome']",3,1.06285,2.00125005,1.00028335,0.8218083300000001,1.6908666650000002,0.682366665,0.6859583499999999,3.0591918,1.01973058,1.0,1.0,1.0,1.0,1.0
R_3IN1llguRD39dPQ,557.0,1.0,0.0,Conceptual,Python,Clear,['Palindrome'],3,0.39866668,2.0019333,0.1817,0.23236667,0.34803334,0.2041,0.2312,0.78333336,0.2611111,1.0,1.0,1.0,1.0,1.0
R_3IXXBt24a3SBHst,1236.0,10.0,5.0,Detailed Fix,Python,Confused,['Average Rainfall'],5,1.36055,2.0003834,1.0002667,0.20931667,0.73363334,1.6347333,0.09538333,2.46375,0.82125,0.0,1.0,1.0,1.0,1.0
R_3JDvF1YXe3Zp6Hy,3008.0,5.0,4.56,Conceptual,Python,Clear,['Count Pos Neg'],4,0.28716666,2.03315,0.74120003,2.4718168,1.0932333,0.49008334,1.0134833,2.5968,0.8656,1.0,1.0,1.0,1.0,1.0
R_3JpXqGBeZu8Jdvv,528.0,1.0,0.0,Test Cases,Text,Clear,"['Palindrome', 'Count Pos Neg']",1,0.5308917,1.06659995,0.29846666,0.23595834,0.15648333,0.385416675,0.462841665,1.0047417,0.33491389,1.0,1.0,1.0,1.0,1.0
R_3KOvHBUDIylmDL3,744.0,1.0,0.0,Detailed Fix,Text,Clear,['Count Pos Neg'],2,0.44848335,1.4394834,0.46241668,0.38154998,0.56035,0.42374998,0.8641666,1.8482667,0.61608887,1.0,1.0,1.0,1.0,1.0
R_3LTqB9HslVPCGIh,2942.0,1.0,0.0,Detailed Fix,Python,Clear,['Count Pos Neg'],5,0.42918333,2.0023832,0.31845,0.23298334,0.64718336,0.45201668,0.16753334,1.2667333,0.42224446,1.0,1.0,1.0,1.0,1.0
R_3MLq4JBKJh7P9zG,1428.0,1.0,0.0,No Hint,Text,Clear,['Count Pos Neg'],3,1.5053333,2.19745,0.0,0.5153,0.89295,1.72265,1.7886666,4.404267,1.4680889,1.0,1.0,1.0,1.0,1.0
R_3Ol7kTA4sNkwYmO,1165.0,8.0,5.0,No Hint,Python,Clear,['Fibonacci'],4,0.07805,2.4319334,0.0,0.83931667,0.6975833,1.44985,0.26645002,2.4138832,0.8046278,1.0,1.0,1.0,1.0,1.0
R_3PdD7hheoEI6g48,422.0,1.0,0.0,No Hint,Python,Clear,['Average Rainfall'],5,0.5503833,0.91800004,0.0,0.47391665,0.41193333,0.6363,0.5129167,1.56115,0.5203833,1.0,1.0,1.0,1.0,1.0
R_3Rp8oqcMiBRWik1,372.0,1.0,0.0,Detailed Fix,Text,Clear,"['Palindrome', 'Fibonacci']",2,0.433966665,0.99419165,0.287825033,0.116399998,0.177491665,0.24124166,0.24763333,0.6663666500000001,0.222122225,1.0,1.0,1.0,1.0,1.0
R_3U9PcQPmBIpKeXv,669.0,6.0,3.01,No Hint,Python,Clear,['Palindrome'],2,0.8505,0.3761,0.0,0.4355667,0.1161,0.97353333,0.2322,1.3218333,0.4406111,1.0,1.0,1.0,1.0,1.0
R_3XnzMyMRSRYzsGb,872.0,1.0,0.0,Detailed Fix,Text,Clear,['Palindrome'],5,0.40883335,2.0022833,0.81516665,0.25523335,0.29631665,0.53541666,0.84111667,1.67285,0.55761665,1.0,1.0,1.0,1.0,1.0
R_3dJ5nn9VM0nlgwV,1495.0,1.0,0.0,Test Cases,Text,Confused,['Palindrome'],3,0.62116665,1.9643333,1.0002834,0.43686667,0.6015667,1.9096167,1.3364333,3.8476167,1.2825389,0.0,1.0,1.0,1.0,1.0
R_3e8g9LsdBWtkoFB,652.0,7.0,3.0,Detailed Fix,Text,Clear,['Fibonacci'],4,0.64236665,1.3554834,0.6903166,0.42356667,0.33325002,0.42408332,0.5625333,1.3198667,0.43995556,1.0,1.0,1.0,1.0,1.0
R_3emJxI5yfSbwxHh,864.0,1.0,0.0,Detailed Fix,Python,Clear,['Sum Positives'],3,0.33906665,2.0017667,1.0025,0.20176667,0.38036668,0.31798333,0.4046,1.10295,0.36765,1.0,1.0,1.0,1.0,1.0
R_3f99bkR6VjDAY4I,1123.0,2.0,0.0,Conceptual,Text,Clear,['Palindrome'],1,0.36968333,2.0019,0.71246666,0.5071667,0.22473334,0.23983334,0.78646666,1.2510333,0.4170111,1.0,1.0,1.0,1.0,1.0
R_3hhCiVA9zdmGZHl,512.0,1.0,0.14,Conceptual,Python,Clear,['Sum Positives'],3,0.24096666,0.49498332,0.19533333,0.44486666,1.3717333,0.13023333,0.41576666,1.9177334,0.63924444,1.0,1.0,1.0,1.0,1.0
R_3iwn1MDKtg4WJS9,690.0,1.0,0.16,Detailed Fix,Python,Clear,['Sum Positives'],2,0.40206668,2.0002,0.40093333,0.26863334,0.50051665,0.59665,0.70559996,1.8027667,0.6009222,1.0,1.0,1.0,1.0,1.0
R_3j1CneQeonf63HH,499.0,6.0,5.0,Test Cases,Python,Clear,"['Count Pos Neg', 'Fibonacci']",5,0.27396666,0.6261250325000001,0.209475,0.431216665,0.22366667,1.01215,0.42651668,1.6623333,0.554111095,1.0,1.0,1.0,1.0,1.0
R_3jEdOuxZNVOjKJY,1224.0,1.0,5.0,Detailed Fix,Text,Clear,['Count Pos Neg'],3,0.6728667,2.00075,1.0007167,0.6144167,0.8354666,0.5553333,0.6817666,2.0725665,0.69085556,1.0,1.0,1.0,1.0,1.0
R_3mXIIAMlAn5RNNo,825.0,1.0,0.0,No Hint,Text,Clear,['Palindrome'],1,0.41406667,2.5513165,0.0,0.23246667,0.5602,0.21823333,0.42756665,1.206,0.402,1.0,1.0,1.0,1.0,1.0
R_3n2wZ5ryNTDm1da,667.0,1.0,0.0,Conceptual,Text,Clear,"['Average Rainfall', 'Palindrome']",3,0.47083333,2.0016,0.29067498,0.446441665,0.374174995,0.38974168,0.63384166,1.39775835,0.46591947,1.0,1.0,1.0,1.0,1.0
R_3nBj4f7ISRGaGf3,985.0,1.0,0.01,Test Cases,Text,Clear,['Palindrome'],1,0.24105,2.0003834,1.0002667,1.2011,0.33648333,0.89285,0.5236,1.7529334,0.5843111,1.0,1.0,1.0,1.0,1.0
R_3oyWqLaHBljRU1Y,566.0,1.0,0.0,No Hint,Text,Clear,['Fibonacci'],2,0.5807,3.0019333,0.0,0.23441666,0.27414998,0.2142,0.2783,0.76665,0.25555,1.0,1.0,1.0,1.0,1.0
R_3pyTGFuoCjheFVy,852.0,1.0,0.44,Conceptual,Text,Clear,['Fibonacci'],2,0.52975,2.0183332,1.2039833,0.8581833,0.35303333,0.29438335,0.13573334,0.78314996,0.26105002,1.0,1.0,1.0,1.0,1.0
R_3qgzCQA9k1lgbSC,736.0,1.0,0.0,Detailed Fix,Text,Clear,['Sum Positives'],1,0.46416667,2.0019,1.00195,0.29261667,0.11376667,0.15708333,0.7275833,0.9984333,0.3328111,1.0,1.0,1.0,1.0,1.0
R_3r91KAYVpjvfkW7,463.0,4.0,1.99,Detailed Fix,Python,Clear,['Fibonacci'],2,0.47373334,0.46864998,0.32895,0.5908667,0.29131666,0.115883335,0.08318333,0.49038333,0.16346112,1.0,1.0,1.0,1.0,1.0
R_3rTxlDQCVLfhGok,1860.0,1.0,0.0,Test Cases,Python,Clear,['Count Pos Neg'],3,1.8540167,2.0018833,1.0002834,0.33501667,1.1471168,0.25536665,1.8611666,3.26365,1.0878834,1.0,1.0,1.0,1.0,1.0
R_3zSj3dm60175TDw,772.0,4.0,0.2,Conceptual,Python,Clear,"['Palindrome', 'Sum Positives']",1,0.4994666799999999,2.0013667,0.58615003,0.37450834,0.30761667,0.40784167,0.41814167,1.13359995,0.3778666499999999,1.0,1.0,1.0,1.0,1.0
R_3zXKpGs2LzCEMpP,899.0,1.0,1.01,Test Cases,Text,Clear,"['Fibonacci', 'Count Pos Neg']",2,1.00444165,1.59,0.4216,0.63713332,0.446074965,0.3477916749999999,1.16434169,1.95820835,0.65273612,1.0,1.0,1.0,1.0,1.0
R_50N5wHYBQ35Ogvu,1399.0,1.0,0.0,Detailed Fix,Text,Clear,"['Palindrome', 'Average Rainfall']",2,1.49970002,2.000275,0.82045,0.712283365,0.4833833349999999,1.527725,2.14575005,4.1568585,1.38561945,1.0,1.0,1.0,1.0,1.0
R_515s2Y2qgp1ophL,628.0,1.0,0.0,Test Cases,Text,Clear,['Palindrome'],1,1.1103,0.56085,0.1573,0.79831666,0.21218333,0.105783336,0.2114,0.5293667,0.17645556,1.0,1.0,1.0,1.0,1.0
R_51HiFlxkapkio71,637.0,1.0,1.01,Test Cases,Text,Clear,['Average Rainfall'],3,0.39923334,0.9595,0.49240002,0.83273333,0.6293833,0.17085001,0.2958,1.0960333,0.36534443,1.0,1.0,1.0,1.0,1.0
R_51zMVx1QNIoiYpq,1100.0,2.0,0.5,No Hint,Text,Clear,['Sum Positives'],5,0.40741667,2.6558166,0.0,0.35066667,0.2651,1.00745,0.27368334,1.5462334,0.51541114,1.0,1.0,1.0,1.0,1.0
R_56pmvzidik2Cuvn,1359.0,5.0,1.94,Conceptual,Text,Confused,['Fibonacci'],1,1.7600167,2.0002832,0.23956665,0.26641667,2.23835,2.8108666,0.051900003,5.1011167,1.7003722,0.0,1.0,1.0,1.0,1.0
R_57Q4pn1rhzGwb9D,1149.0,4.0,0.95,Conceptual,Text,Clear,['Palindrome'],3,0.23343332,1.6378,0.28465,0.31365,0.22911666,0.5747667,1.28725,2.0911334,0.69704443,1.0,1.0,1.0,1.0,1.0
R_5CjnKtCKMAPBp6x,783.0,1.0,1.0,No Hint,Text,Confused,['Average Rainfall'],4,0.81764996,1.0363166,0.0,0.24663334,0.3092,0.38643333,0.46393335,1.1595666,0.38652223,0.0,1.0,1.0,1.0,1.0
R_5KHEOkA10Ix3gEG,968.0,1.0,0.0,No Hint,Python,Clear,['Fibonacci'],2,0.80218333,1.4127667,0.0,0.77243334,0.91934997,0.5050833,1.0225333,2.4469666,0.8156556,1.0,1.0,1.0,1.0,1.0
R_5KIcTpugnWJVGI0,1053.0,5.0,5.0,No Hint,Text,Clear,"['Palindrome', 'Count Pos Neg']",2,0.6427083299999999,3.00032495,0.0,0.402416665,0.608625,0.7035583400000001,1.8185667,3.13075,1.0435833,1.0,1.0,1.0,1.0,1.0
R_5KZ9AYtXoOMHxkZ,362.0,1.0,0.0,Test Cases,Text,Clear,['Palindrome'],5,0.18998334,0.65498334,0.42835,0.18676667,0.1675,0.72071666,0.30453333,1.1927501,0.39758334,1.0,1.0,1.0,1.0,1.0
R_5LgVfdjjzoFOAoM,755.0,1.0,0.0,No Hint,Python,Confused,['Sum Positives'],5,1.2389333,3.0020666,0.0,0.21361667,0.2928,0.64418334,0.3526,1.2895833,0.4298611,0.0,1.0,1.0,1.0,1.0
R_5PAgHFN2UbdpyU8,865.0,1.0,0.0,Test Cases,Python,Clear,['Fibonacci'],3,2.9751832,0.9086667,0.42333332,0.2411,0.12931666,0.21779999,0.22476667,0.5718833,0.19062778,1.0,1.0,1.0,1.0,1.0
R_5PhzFH6TvOhx5OA,993.0,1.0,0.0,Test Cases,Text,Confused,['Fibonacci'],4,1.66735,2.00315,1.0002,0.43925,0.47738332,0.69383335,0.8224833,1.9937,0.6645667,0.0,1.0,1.0,1.0,1.0
R_5Q3JwMFAGXaE4LN,1090.0,1.0,0.0,Test Cases,Text,Clear,['Fibonacci'],4,1.0433,2.0024667,0.916,0.8477166,0.61303335,2.2287333,0.8667,3.7084665,1.2361556,1.0,1.0,1.0,1.0,1.0
R_5VXdtShXdwE14Gd,1219.0,1.0,4.06,Detailed Fix,Python,Confused,['Fibonacci'],4,0.7449834,2.0029833,1.0003,0.80385,1.4560167,0.23498334,0.70185,2.39285,0.79761666,0.0,1.0,1.0,1.0,1.0
R_5YnX1mnSZbFdL5g,1120.0,1.0,0.0,Detailed Fix,Python,Clear,['Count Pos Neg'],3,1.4441833,2.0023334,1.0006667,0.818,0.6156666,0.96433336,0.6629167,2.2429166,0.7476389,1.0,1.0,1.0,1.0,1.0
R_5ZDjCA4wVpTpFp7,1141.0,1.0,0.0,Test Cases,Python,Clear,"['Fibonacci', 'Sum Positives']",2,0.659224985,2.94285835,1.0014500000000002,0.84967495,0.8063750000000001,0.61634165,0.387899995,1.81061665,0.6035389,1.0,1.0,1.0,1.0,1.0
R_5ZF8mPJoYIubotj,825.0,1.0,0.0,Test Cases,Text,Clear,['Count Pos Neg'],4,0.43069997,2.0019834,1.0013167,0.27113333,0.15456668,0.46178335,0.42218333,1.0385333,0.34617776,1.0,1.0,1.0,1.0,1.0
R_5dGMtDaNuN1NHa1,749.0,2.0,2.0,Conceptual,Python,Clear,Palindrome,3,0.19308333,2.0018833,1.0001833,0.24261667,0.20333333,0.09731667,0.21348333,0.51413333,0.17137776,1.0,1.0,1.0,1.0,1.0
R_5dlOW1T6TbM5w5Z,793.0,1.0,0.5,No Hint,Text,Confused,['Palindrome'],2,0.18813333,3.0018,0.0,0.2927,0.4761,0.7985833,1.2630166,2.5377,0.8459,0.0,1.0,1.0,1.0,1.0
R_5fBRqAEPxbJMZBt,621.0,1.0,0.0,Conceptual,Python,Clear,['Count Pos Neg'],3,0.5726334,1.1481667,0.48943332,0.22561666,0.30713332,0.1163,0.7114,1.1348332,0.37827778,1.0,1.0,1.0,1.0,1.0
R_5foZIsfxUFzihw6,895.0,1.0,0.0,Detailed Fix,Text,Clear,"['Count Pos Neg', 'Average Rainfall']",4,1.65421665,2.0010333,0.554333325,0.42464999,0.8460999849999999,0.410791665,0.381941675,1.63883335,0.54627774,1.0,1.0,1.0,1.0,1.0
R_5gBGBxJC1MUiQtc,1334.0,1.0,0.0,Test Cases,Text,Clear,['Palindrome'],2,0.3561,0.6854333,0.25525,0.13611667,0.17981666,0.31871665,0.23938332,0.7379167,0.24597222,1.0,1.0,1.0,1.0,1.0
R_5gvWORX3BkKxpu8,794.0,1.0,0.0,Test Cases,Text,Clear,['Count Pos Neg'],4,0.8911667,2.0003333,0.84966666,0.32880002,0.22411665,0.5194,0.5540833,1.2976,0.43253332,1.0,1.0,1.0,1.0,1.0
R_5kpvRTn1xhD0XdG,593.0,1.0,0.0,No Hint,Text,Clear,['Count Pos Neg'],4,0.111600004,0.7999166,0.0,0.36385,0.17125,0.6174833,0.14021666,0.92895,0.30965,1.0,1.0,1.0,1.0,1.0
R_5mHI6U60yT8jpaF,1323.0,1.0,0.0,Test Cases,Text,Clear,['Palindrome'],4,0.46495,2.0023,1.00045,0.58921665,0.7682833,3.1654832,0.59575,4.5295167,1.5098388,1.0,1.0,1.0,1.0,1.0
R_5mlnytB2Mso2EeT,780.0,1.0,0.0,Test Cases,Text,Clear,"['Sum Positives', 'Count Pos Neg']",3,0.9273917,1.6244834,0.6321583399999999,0.14803334,0.264191685,0.7311582999999999,0.82416665,1.8195166,0.606505575,1.0,1.0,1.0,1.0,1.0
R_5q3Q47eBF95Ko34,787.0,1.0,0.0,Detailed Fix,Python,Confused,['Fibonacci'],1,0.7858833,2.00235,1.0024,0.34001666,0.34058332,0.8738667,0.49198332,1.7064334,0.5688111,0.0,1.0,1.0,1.0,1.0
R_5r931T6O6mSB2N3,318.0,1.0,1.0,Detailed Fix,Python,Clear,['Palindrome'],2,0.22666667,0.16511665,0.047083333,0.0898,0.083783336,0.0779,0.44101667,0.6027,0.2009,1.0,1.0,1.0,1.0,1.0
R_5rDGQ9JwJya8qnD,1511.0,1.0,0.0,Conceptual,Text,Clear,['Average Rainfall'],2,2.31205,2.0002334,1.0001833,3.0094168,2.2737334,2.4094331,3.4916835,8.1748495,2.7249498,1.0,1.0,1.0,1.0,1.0
R_5rHBditFo1X6AAZ,944.0,1.0,1.5,Conceptual,Python,Clear,['Palindrome'],5,0.46668333,2.0005333,1.0003333,0.32048333,0.43678334,0.50085,0.6165833,1.5542166,0.51807225,1.0,1.0,1.0,1.0,1.0
R_5roeWTxduaijiLV,366.0,1.0,0.0,Conceptual,Python,Confused,['Fibonacci'],3,0.17168333,0.31985,1.0002667,0.55188334,0.2007,0.42156667,0.15038332,0.77265,0.25755,0.0,1.0,1.0,1.0,1.0
R_5s72vs6DsnC2Gv9,1423.0,2.0,1.0,Conceptual,Text,Clear,['Fibonacci'],2,1.1210834,2.03145,0.79108334,0.8997833,0.31765,0.13538334,0.19481666,0.64785,0.21595,1.0,1.0,1.0,1.0,1.0
R_5sn3EKIQsNB32le,635.0,1.0,0.0,No Hint,Text,Clear,['Count Pos Neg'],4,0.9033167,1.4731333,0.0,0.15608333,0.18016668,0.43473333,0.60751665,1.2224166,0.40747222,1.0,1.0,1.0,1.0,1.0
R_60IAr6l2fsdxPik,717.0,1.0,0.47,Conceptual,Python,Confused,['Count Pos Neg'],4,0.3814667,2.0003,0.61876667,0.43136665,0.49376667,0.34456667,0.79933333,1.6376667,0.5458889,0.0,1.0,1.0,1.0,1.0
R_64ipzu5j4EZ1fZT,834.0,3.0,0.5,Test Cases,Text,Clear,"['Sum Positives', 'Count Pos Neg']",3,0.967400025,2.0174417,0.62111664,0.29704167,0.325325,0.183616665,1.1661084000000002,1.67505,0.55835002,1.0,1.0,1.0,1.0,1.0
R_69zW2O00Q1TvBrb,1721.0,8.0,5.0,Test Cases,Python,Clear,"['Fibonacci', 'Palindrome']",3,0.458033335,1.35542505,1.0015166999999998,0.5978333149999999,0.425908355,3.91944185,0.7447833500000001,5.0901333,1.69671113,1.0,1.0,1.0,1.0,1.0
R_6Onx9yUX4BCvR5L,2780.0,7.0,5.0,No Hint,Text,Clear,['Sum Positives'],5,0.08931667,3.03165,0.0,0.17876667,20.953785,1.7364668,1.5665667,24.256817,8.085606,1.0,1.0,1.0,1.0,1.0
R_6V3YmvcCrjDrIaf,981.0,1.0,0.0,Conceptual,Text,Clear,['Count Pos Neg'],1,0.6612,2.0020168,1.0002834,0.37338334,0.69465,0.25155002,0.31155002,1.2577499,0.41925,1.0,1.0,1.0,1.0,1.0
R_6WvFfUMDoIdUR0S,823.0,1.0,0.0,Detailed Fix,Text,Clear,['Fibonacci'],4,1.0210999,1.8419833,0.16246668,0.47114998,0.35036665,0.4572667,0.4483,1.2559334,0.41864446,1.0,1.0,1.0,1.0,1.0
R_6n8Ck8hh78FCLAv,902.0,5.0,3.0,Test Cases,Python,Clear,"['Average Rainfall', 'Sum Positives']",4,0.810441725,1.88670005,0.96886667,0.355575,0.507399995,0.354541665,0.297099985,1.1590417,0.38634721,1.0,1.0,1.0,1.0,1.0
R_6s4hhyZ9aWQS9k8,932.0,1.0,0.0,Detailed Fix,Text,Clear,['Palindrome'],3,0.97578335,2.0003166,0.11243333,0.19206667,0.30633333,0.1733,0.20498332,0.6846167,0.22820555,1.0,1.0,1.0,1.0,1.0
R_6xOVQ1DnTVm8HV6,737.0,3.0,1.45,Test Cases,Text,Clear,['Average Rainfall'],1,0.68046665,0.8605833,0.12703334,0.20178334,1.9261833,2.2999334,1.4099833,5.6361,1.8787,1.0,1.0,1.0,1.0,1.0
R_700K7WxZAJ9bfhb,635.0,1.0,0.0,Detailed Fix,Text,Clear,['Sum Positives'],1,0.5104,1.10485,0.30455002,0.14490001,0.32583332,0.52136666,0.54895,1.39615,0.46538335,1.0,1.0,1.0,1.0,1.0
R_70IvpsYM4stqOf7,1283.0,1.0,0.46,Detailed Fix,Text,Clear,['Count Pos Neg'],3,2.4368167,1.01195,0.13666667,1.0813333,0.7762334,0.26211667,3.3647335,4.4030833,1.4676945,1.0,1.0,1.0,1.0,1.0
R_70qnxFQ6tlS7l8U,1381.0,5.0,5.0,Test Cases,Text,Clear,"['Average Rainfall', 'Count Pos Neg']",4,2.41847507,2.0012001,1.00195835,0.86860837,0.5799,0.6736833,0.8964417,2.1500250000000003,0.71667498,1.0,1.0,1.0,1.0,1.0
R_71PBJG8PXYTvqbT,936.0,2.0,0.5,Test Cases,Text,Clear,"['Count Pos Neg', 'Sum Positives']",1,2.41838317,1.2903582999999998,0.323775,0.39497501,0.2540416649999999,0.429449985,0.51358333,1.197075,0.39902498,1.0,1.0,1.0,1.0,1.0
R_72MbtI2DRKfgKWw,740.0,8.0,5.0,Conceptual,Text,Clear,['Palindrome'],5,0.3736,2.0003166,0.39116666,0.21993333,0.51746666,0.36678332,0.65335,1.5375999,0.51253337,1.0,1.0,1.0,1.0,1.0
R_72kOk1RPDqyLo1X,682.0,4.0,5.0,No Hint,Text,Clear,"['Average Rainfall', 'Sum Positives']",5,0.32744167,1.79035,0.0,0.6060250150000001,1.107075,0.55165833,0.200400005,1.8591333,0.61971109,1.0,1.0,1.0,1.0,1.0
R_73qEdTdQIxx1XzD,436.0,1.0,1.0,Conceptual,Python,Clear,"['Sum Positives', 'Fibonacci']",2,0.225133325,0.43378335,0.43905,0.31589167,0.131391665,0.30090834,0.2523749799999999,0.6846749999999999,0.228225,1.0,1.0,1.0,1.0,1.0
R_77UkGH5Dv0lyFTb,1261.0,3.0,1.29,Conceptual,Text,Confused,['Count Pos Neg'],3,0.55543333,2.0005167,1.0217167,1.3607668,0.9766666,1.6117834,2.3532333,4.9416833,1.6472278,0.0,1.0,1.0,1.0,1.0
R_77qWwmYFfibItc3,1024.0,1.0,0.0,Conceptual,Text,Confused,['Average Rainfall'],2,1.3418667,2.0005,1.0002,0.3308167,1.05635,1.0611333,0.3814667,2.49895,0.8329833,0.0,1.0,1.0,1.0,1.0
R_7Bmn3u4JLriwiTd,963.0,3.0,0.0,Detailed Fix,Python,Clear,['Palindrome'],1,0.1859,2.0002334,1.0004,1.1499333,1.16065,0.72553337,0.197,2.0831833,0.6943944,1.0,1.0,1.0,1.0,1.0
R_7KwJwvxGqoEQzwI,918.0,1.0,0.0,Detailed Fix,Python,Confused,['Average Rainfall'],3,0.7675,2.0021832,1.0023,0.5032167,0.6347333,1.4174834,0.4714333,2.5236502,0.8412167,0.0,1.0,1.0,1.0,1.0
R_7Lbw1h0D5GordI6,524.0,2.0,0.25,No Hint,Text,Clear,"['Sum Positives', 'Average Rainfall']",2,0.5070666850000001,1.592775,0.0,0.290033335,0.280174985,0.8166999850000001,0.302899995,1.399775065,0.466591655,1.0,1.0,1.0,1.0,1.0
R_7MrNO2GO9zuIalh,663.0,10.0,5.0,Test Cases,Text,Clear,"['Fibonacci', 'Sum Positives']",3,0.30038333,1.42016662,0.182958335,0.126133335,0.102791668,0.59652498,0.65327497,1.3525917,0.45086388,1.0,1.0,1.0,1.0,1.0
R_7OKlo9vUDIv2loZ,1222.0,1.0,0.0,No Hint,Text,Clear,['Palindrome'],2,2.9448001,2.6832335,0.0,0.24801666,0.78129995,1.13055,0.9733,2.88515,0.96171665,1.0,1.0,1.0,1.0,1.0
R_7PcrBNsrClWavpy,1098.0,1.0,0.0,No Hint,Python,Clear,['Palindrome'],1,0.25266665,4.8125167,0.0,0.31358334,0.14193334,0.15105,0.16246668,0.45545,0.15181667,1.0,1.0,1.0,1.0,1.0
R_7QKKwYJ5r03gcnu,746.0,1.0,0.0,Detailed Fix,Python,Clear,['Palindrome'],2,0.45291665,2.0019166,1.00015,0.24643333,0.35435,0.3877,0.32924998,1.0713,0.3571,1.0,1.0,1.0,1.0,1.0
R_7S6N55Xp33IhHVl,441.0,7.0,1.5,Detailed Fix,Python,Clear,"['Average Rainfall', 'Sum Positives']",1,0.50405002,0.663599985,0.2339499949999999,0.6260583399999999,0.14759167,0.1384416725,0.28299168,0.569025,0.189675005,1.0,1.0,1.0,1.0,1.0
R_7VyAWbgZwfAJL5j,918.0,5.0,5.0,Detailed Fix,Python,Clear,"['Palindrome', 'Average Rainfall']",4,0.67064997,1.6827417,0.564441635,0.47339165,1.19440835,0.380275015,0.234425005,1.80910835,0.6030360800000001,1.0,1.0,1.0,1.0,1.0
R_7aeGcdUAsPy42ZE,553.0,1.0,0.01,Test Cases,Text,Clear,['Palindrome'],5,0.20203333,0.7827333,0.7441667,0.11383333,0.3146,0.19216666,0.14903334,0.6558,0.2186,1.0,1.0,1.0,1.0,1.0
R_7bZ85EE1KdP8FLv,847.0,1.0,0.0,No Hint,Text,Clear,['Fibonacci'],2,0.5933333,2.4517,0.0,0.67151666,0.84326667,0.5560333,0.2498,1.6491,0.54969996,1.0,1.0,1.0,1.0,1.0
R_7dnsLXC09SNnA50,447.0,6.0,1.53,Conceptual,Python,Confused,['Count Pos Neg'],4,0.041333333,2.00025,0.0431,0.092033334,0.07746666,0.78898335,0.062200002,0.92865,0.30955,0.0,1.0,1.0,1.0,1.0
R_7duDE906ue4XyYJ,1028.0,1.0,0.0,Conceptual,Text,Clear,['Palindrome'],5,0.8345,2.0004334,1.0020667,0.35388333,0.43231666,0.5191,1.1199334,2.0713499,0.69044995,1.0,1.0,1.0,1.0,1.0
R_7f7CAalLsuP9dDD,622.0,1.0,0.0,No Hint,Text,Clear,"['Sum Positives', 'Count Pos Neg']",3,1.177716715,1.3014417,0.0,0.25531667,0.199666665,0.438141655,0.6994499999999999,1.33725835,0.445752775,1.0,1.0,1.0,1.0,1.0
R_7gTkgF5rJqsDUKD,753.0,2.0,3.54,Test Cases,Python,Clear,['Sum Positives'],3,0.32455,1.0117,0.28043333,0.17295,0.15168333,0.31436667,0.30551666,0.7715666,0.2571889,1.0,1.0,1.0,1.0,1.0
R_7jcwaz5WWe5bGYX,828.0,9.0,5.0,Detailed Fix,Text,Clear,['Palindrome'],3,0.24640001,2.0292833,0.6910667,0.7746833,0.27141666,0.20436667,0.39368334,0.86946666,0.28982222,1.0,1.0,1.0,1.0,1.0
R_7kIkZKEgfYRhoGa,915.0,1.0,0.0,No Hint,Text,Clear,['Palindrome'],1,0.5448667,1.5629166,0.0,0.36743334,0.30003336,0.3459,0.9496167,1.5955501,0.53185,1.0,1.0,1.0,1.0,1.0
R_7kZWha9twwzkpa9,297.0,1.0,0.0,Detailed Fix,Python,Clear,['Fibonacci'],4,0.1502,0.16291666,0.19595,0.39909998,0.14568333,0.14919999,0.18390001,0.4787833,0.15959445,1.0,1.0,1.0,1.0,1.0
R_7lSmjbBSUZ0QQEk,781.0,7.0,5.0,Test Cases,Python,Clear,['Average Rainfall'],5,1.1660333,0.72655,1.0002333,0.5122333,0.31371668,0.1049,0.11118333,0.5298,0.1766,1.0,1.0,1.0,1.0,1.0
R_7lWSjA6UTfWFNDM,791.0,2.0,0.18,Conceptual,Python,Clear,['Count Pos Neg'],3,0.7375667,2.0002,1.0021833,0.17841667,0.6809333,0.28388336,0.9601166,1.9249333,0.6416444,1.0,1.0,1.0,1.0,1.0
R_7m9uQK1b6h313LV,1009.0,1.0,0.0,Detailed Fix,Text,Clear,['Palindrome'],3,0.5757834,2.0003834,1.0021,0.47236666,0.1734,0.6516,0.6657167,1.4907167,0.49690554,1.0,1.0,1.0,1.0,1.0
R_7qEkXB1MycKur6h,1060.0,5.0,5.0,Conceptual,Text,Confused,Average Rainfall,3,2.0452332,2.0003667,1.0004,0.32283336,0.29985,5.676833,0.41645,6.3931336,2.1310444,0.0,1.0,1.0,1.0,1.0
R_7r6OGXtjtcfjKMy,822.0,1.0,0.0,No Hint,Python,Clear,['Count Pos Neg'],4,0.8658833,1.9485834,0.0,0.21041666,0.7625167,0.7596667,0.8516167,2.3737998,0.7912667,1.0,1.0,1.0,1.0,1.0
R_7sh8WVMlX60yrrE,750.0,7.0,3.0,Test Cases,Text,Clear,"['Sum Positives', 'Count Pos Neg']",1,0.449625,2.0002915999999997,1.0010833,0.33449167,0.395474985,0.32196667,0.69870836,1.4161499,0.4720499999999999,1.0,1.0,1.0,1.0,1.0
R_7uVRnowqlnkm3RU,3869.0,5.0,1.0,Conceptual,Text,Clear,"['Average Rainfall', 'Count Pos Neg']",3,4.186008149999999,2.00188335,1.00105,4.04336665,7.1740581,6.4146333349999995,5.04439135,18.6330835,6.2110275,1.0,1.0,1.0,1.0,1.0
R_7xXyqCV3zkegmCZ,362.0,1.0,0.0,Detailed Fix,Python,Clear,['Palindrome'],2,0.26566666,0.72754997,0.30833334,0.18938333,0.16833334,0.123783335,0.22516666,0.5172833,0.17242779,1.0,1.0,1.0,1.0,1.0
R_8Kg98CQc6PHsKH8,514.0,1.0,0.0,Test Cases,Text,Confused,Palindrome,1,0.1071,2.0018,0.37478334,0.09111667,0.0827,0.09525,0.1049,0.28285,0.094283335,0.0,1.0,1.0,1.0,1.0
R_8c8jgL9gJHkC06p,512.0,1.0,0.0,Test Cases,Text,Confused,['Count Pos Neg'],4,0.21374999,0.47325,0.5697,0.46016666,0.16669999,0.9511167,0.5666167,1.6844333,0.5614778,0.0,1.0,1.0,1.0,1.0
R_8iQByFzVlEBwmDM,487.0,9.0,5.0,Detailed Fix,Text,Clear,['Palindrome'],1,0.27605,1.0922834,0.25693333,0.2852167,0.45443335,0.19028333,0.36745003,1.0121666,0.3373889,1.0,1.0,1.0,1.0,1.0
R_8oGq8SQj9s6l6PA,1579.0,4.0,1.45,Detailed Fix,Python,Clear,"['Average Rainfall', 'Count Pos Neg']",4,0.55665,1.0147833,0.4654249849999999,0.3488249949999999,0.335925005,0.6709333,0.27728333,1.28414165,0.428047215,1.0,1.0,1.0,1.0,1.0
